username,email,created_date
John Doe,1@hr.nl,2023-01-15T08:00:00Z
Jane Doe,2@hr.nl,2023-02-20T09:30:00Z
Mike Smith,3@hr.nl,2023-03-11T10:00:00Z
Lucy Jones,4@hr.nl,2023-04-25T14:15:00Z
Emily Wilson,5@hr.nl,2023-05-30T13:10:00Z
James Brown,6@hr.nl,2023-06-01T12:00:00Z
Charlotte Miller,7@hr.nl,2023-07-10T11:45:00Z
Oliver Davis,8@hr.nl,2023-08-22T08:30:00Z
Sophia Martin,9@hr.nl,2023-09-12T07:00:00Z
William Taylor,10@hr.nl,2023-10-05T10:00:00Z
Ava Anderson,11@hr.nl,2023-11-01T09:15:00Z
Jacob Thompson,12@hr.nl,2023-12-03T13:00:00Z
Isabella White,13@hr.nl,2024-01-17T08:45:00Z
Ethan Lee,14@hr.nl,2024-02-25T14:30:00Z
Mia Harris,15@hr.nl,2024-03-14T11:00:00Z
Daniel Martinez,16@hr.nl,2024-04-10T10:30:00Z
Madeline Clark,17@hr.nl,2024-05-22T15:00:00Z
Jack Evans,18@hr.nl,2024-06-13T08:15:00Z
Emily Rodgers,19@hr.nl,2024-07-18T12:00:00Z
Aiden Garcia,20@hr.nl,2024-08-24T13:45:00Z
